title,author,year,bibtex
Approximate Conformance Checking for Closed-Loop Systems With Neural,Habeeb P and,2024,"@article{DBLP:journals/tcad/PGP24,
  author={ Habeeb P and },
  title={ Approximate Conformance Checking for Closed-Loop Systems With Neural },
  journal={ IEEE} Trans. Comput. Aided Des. Integr. Circuits Syst. },
  volume={ 43 },
  number={ 11 },
  pages={ 4322--4333 },
  year={ 2024 },
  url={ https://doi.org/10.1109/TCAD.2024.3445813 },
  doi={ 10.1109/TCAD.2024.3445813 },
  timestamp={ Sat, 30 Nov 2024 00:00:00 +0100 },
  biburl={ https://dblp.org/rec/journals/tcad/PGP24.bib },
  bibsource={ dblp computer science bibliography, https://dblp.org }
}"
Safety Verification of Closed-loop Control System with Anytime Perception,Lipsy Gupta and,2024,"@inproceedings{DBLP:conf/icra/GuptaCP24,
  author={ Lipsy Gupta and },
  title={ Safety Verification of Closed-loop Control System with Anytime Perception },
  booktitle={ IEEE} International Conference on Robotics and Automation, {ICRA },
  pages={ 227--233 },
  publisher={ IEEE },
  year={ 2024 },
  url={ https://doi.org/10.1109/ICRA57147.2024.10611044 },
  doi={ 10.1109/ICRA57147.2024.10611044 },
  timestamp={ Mon, 19 Aug 2024 15:58:53 +0200 },
  biburl={ https://dblp.org/rec/conf/icra/GuptaCP24.bib },
  bibsource={ dblp computer science bibliography, https://dblp.org }
}"
Interval Image Abstraction for Verification of Camera-Based Autonomous,Habeeb P and,2024,"@article{DBLP:journals/tcad/PDLP24,
  author={ Habeeb P and },
  title={ Interval Image Abstraction for Verification of Camera-Based Autonomous },
  journal={ IEEE} Trans. Comput. Aided Des. Integr. Circuits Syst. },
  volume={ 43 },
  number={ 11 },
  pages={ 4310--4321 },
  year={ 2024 },
  url={ https://doi.org/10.1109/TCAD.2024.3448306 },
  doi={ 10.1109/TCAD.2024.3448306 },
  timestamp={ Sat, 30 Nov 2024 00:00:00 +0100 },
  biburl={ https://dblp.org/rec/journals/tcad/PDLP24.bib },
  bibsource={ dblp computer science bibliography, https://dblp.org }
}"
Approximate Conformance Checking for Closed-Loop Systems With Neural,Habeeb P and,2024,"@article{DBLP:journals/tcad/PGP24,
  author={ Habeeb P and },
  title={ Approximate Conformance Checking for Closed-Loop Systems With Neural },
  journal={ IEEE} Trans. Comput. Aided Des. Integr. Circuits Syst. },
  volume={ 43 },
  number={ 11 },
  pages={ 4322--4333 },
  year={ 2024 },
  url={ https://doi.org/10.1109/TCAD.2024.3445813 },
  doi={ 10.1109/TCAD.2024.3445813 },
  timestamp={ Sat, 30 Nov 2024 00:00:00 +0100 },
  biburl={ https://dblp.org/rec/journals/tcad/PGP24.bib },
  bibsource={ dblp computer science bibliography, https://dblp.org }
}"
Formal Verification Techniques for Vision-Based Autonomous Systems,Sayan Mitra and,2024,"@inproceedings{DBLP:conf/birthday/MitraPPSMLWGY25,
  author={ Sayan Mitra and },
  editor={ Nils Jansen and },
  title={ Formal Verification Techniques for Vision-Based Autonomous Systems },
  booktitle={ Principles of Verification: Cycling the Probabilistic Landscape - },
  series={ Lecture Notes in Computer Science },
  volume={ 15262 },
  pages={ 89--108 },
  publisher={ Springer },
  year={ 2024 },
  url={ https://doi.org/10.1007/978-3-031-75778-5\_5 },
  doi={ 10.1007/978-3-031-75778-5\_5 },
  timestamp={ Mon, 27 Jan 2025 14:36:13 +0100 },
  biburl={ https://dblp.org/rec/conf/birthday/MitraPPSMLWGY25.bib },
  bibsource={ dblp computer science bibliography, https://dblp.org }
}"
Safety Verification of Closed-loop Control System with Anytime Perception,Lipsy Gupta and,2024,"@inproceedings{DBLP:conf/icra/GuptaCP24,
  author={ Lipsy Gupta and },
  title={ Safety Verification of Closed-loop Control System with Anytime Perception },
  booktitle={ IEEE} International Conference on Robotics and Automation, {ICRA },
  pages={ 227--233 },
  publisher={ IEEE },
  year={ 2024 },
  url={ https://doi.org/10.1109/ICRA57147.2024.10611044 },
  doi={ 10.1109/ICRA57147.2024.10611044 },
  timestamp={ Mon, 19 Aug 2024 15:58:53 +0200 },
  biburl={ https://dblp.org/rec/conf/icra/GuptaCP24.bib },
  bibsource={ dblp computer science bibliography, https://dblp.org }
}"
Approximate Conformance Verification of Deep Neural Networks,Habeeb P and,2024,"@inproceedings{DBLP:conf/nfm/PP24,
  author={ Habeeb P and },
  editor={ Nathaniel Benz and },
  title={ Approximate Conformance Verification of Deep Neural Networks },
  booktitle={ NASA} Formal Methods - 16th International Symposium, {NFM} 2024 },
  series={ Lecture Notes in Computer Science },
  volume={ 14627 },
  pages={ 223--238 },
  publisher={ Springer },
  year={ 2024 },
  url={ https://doi.org/10.1007/978-3-031-60698-4\_13 },
  doi={ 10.1007/978-3-031-60698-4\_13 },
  timestamp={ Tue, 04 Jun 2024 15:39:38 +0200 },
  biburl={ https://dblp.org/rec/conf/nfm/PP24.bib },
  bibsource={ dblp computer science bibliography, https://dblp.org }
}"
Verification of Camera-Based Autonomous Systems,Habeeb P and,2023,"@article{DBLP:journals/tcad/PDDLP23,
  author={ Habeeb P and },
  title={ Verification of Camera-Based Autonomous Systems },
  journal={ IEEE} Trans. Comput. Aided Des. Integr. Circuits Syst. },
  volume={ 42 },
  number={ 10 },
  pages={ 3450--3463 },
  year={ 2023 },
  url={ https://doi.org/10.1109/TCAD.2023.3240131 },
  doi={ 10.1109/TCAD.2023.3240131 },
  timestamp={ Sat, 30 Sep 2023 01:00:00 +0200 },
  biburl={ https://dblp.org/rec/journals/tcad/PDDLP23.bib },
  bibsource={ dblp computer science bibliography, https://dblp.org }
}"
Star Based Reachability Analysis of Interval Neural Networks,Vishnu Bondalakunta and,2023,"@inproceedings{DBLP:conf/cdc/BondalakuntaP23,
  author={ Vishnu Bondalakunta and },
  title={ Star Based Reachability Analysis of Interval Neural Networks },
  booktitle={ 62nd {IEEE} Conference on Decision and Control, {CDC} 2023, Singapore },
  pages={ 7982--7987 },
  publisher={ IEEE },
  year={ 2023 },
  url={ https://doi.org/10.1109/CDC49753.2023.10383228 },
  doi={ 10.1109/CDC49753.2023.10383228 },
  timestamp={ Mon, 29 Jan 2024 17:30:32 +0100 },
  biburl={ https://dblp.org/rec/conf/cdc/BondalakuntaP23.bib },
  bibsource={ dblp computer science bibliography, https://dblp.org }
}"
Abstraction-Based Safety Analysis of Linear Dynamical Systems with,Ratan Lal and,2023,"@inproceedings{DBLP:conf/cdc/LalP23,
  author={ Ratan Lal and },
  title={ Abstraction-Based Safety Analysis of Linear Dynamical Systems with },
  booktitle={ 62nd {IEEE} Conference on Decision and Control, {CDC} 2023, Singapore },
  pages={ 8006--8011 },
  publisher={ IEEE },
  year={ 2023 },
  url={ https://doi.org/10.1109/CDC49753.2023.10383593 },
  doi={ 10.1109/CDC49753.2023.10383593 },
  timestamp={ Mon, 29 Jan 2024 00:00:00 +0100 },
  biburl={ https://dblp.org/rec/conf/cdc/LalP23.bib },
  bibsource={ dblp computer science bibliography, https://dblp.org }
}"
Poster Abstract: Stability Analysis of Planar Probabilistic Piecewise,Spandan Das and,2023,"@inproceedings{DBLP:conf/hybrid/DasP23,
  author={ Spandan Das and },
  title={ Poster Abstract: Stability Analysis of Planar Probabilistic Piecewise },
  booktitle={ Proceedings of the 26th {ACM} International Conference on Hybrid Systems: },
  pages={ 21:1--21:2 },
  publisher={ ACM },
  year={ 2023 },
  url={ https://doi.org/10.1145/3575870.3589546 },
  doi={ 10.1145/3575870.3589546 },
  timestamp={ Wed, 17 May 2023 01:00:00 +0200 },
  biburl={ https://dblp.org/rec/conf/hybrid/DasP23.bib },
  bibsource={ dblp computer science bibliography, https://dblp.org }
}"
An End-to-End Multi-Robot Framework for Weed Control in Agricultural,Jahid Chowdhury Choton and,2023,"@inproceedings{DBLP:conf/iccps/ChotonJP23,
  author={ Jahid Chowdhury Choton and },
  editor={ Sayan Mitra and },
  title={ An End-to-End Multi-Robot Framework for Weed Control in Agricultural },
  booktitle={ Proceedings of the {ACM/IEEE} 14th International Conference on Cyber-Physical },
  pages={ 243--244 },
  publisher={ ACM },
  year={ 2023 },
  url={ https://doi.org/10.1145/3576841.3589617 },
  doi={ 10.1145/3576841.3589617 },
  timestamp={ Wed, 17 May 2023 01:00:00 +0200 },
  biburl={ https://dblp.org/rec/conf/iccps/ChotonJP23.bib },
  bibsource={ dblp computer science bibliography, https://dblp.org }
}"
Optimal Multi-Robot Coverage Path Planning for Agricultural Fields,Jahid Chowdhury Choton and,2023,"@inproceedings{DBLP:conf/icra/ChotonP23,
  author={ Jahid Chowdhury Choton and },
  title={ Optimal Multi-Robot Coverage Path Planning for Agricultural Fields },
  booktitle={ IEEE} International Conference on Robotics and Automation, {ICRA },
  pages={ 11817--11823 },
  publisher={ IEEE },
  year={ 2023 },
  url={ https://doi.org/10.1109/ICRA48891.2023.10160265 },
  doi={ 10.1109/ICRA48891.2023.10160265 },
  timestamp={ Tue, 08 Aug 2023 10:24:29 +0200 },
  biburl={ https://dblp.org/rec/conf/icra/ChotonP23.bib },
  bibsource={ dblp computer science bibliography, https://dblp.org }
}"
Abstraction-based Probabilistic Stability Analysis of Polyhedral Probabilistic,Spandan Das and,2023,"@article{DBLP:journals/corr/abs-2304-02647,
  author={ Spandan Das and },
  title={ Abstraction-based Probabilistic Stability Analysis of Polyhedral Probabilistic },
  journal={ CoRR },
  volume={ abs/2304.02647 },
  year={ 2023 },
  url={ https://doi.org/10.48550/arXiv.2304.02647 },
  doi={ 10.48550/ARXIV.2304.02647 },
  eprinttype={ arXiv },
  eprint={ 2304.02647 },
  timestamp={ Tue, 18 Apr 2023 01:00:00 +0200 },
  biburl={ https://dblp.org/rec/journals/corr/abs-2304-02647.bib },
  bibsource={ dblp computer science bibliography, https://dblp.org }
}"
Stability Analysis of Planar Probabilistic Piecewise Constant Derivative,Spandan Das and,2022,"@inproceedings{DBLP:conf/qest/DasP22,
  author={ Spandan Das and },
  editor={ Erika {\'{A}}brah{\'{a}}m and },
  title={ Stability Analysis of Planar Probabilistic Piecewise Constant Derivative },
  booktitle={ Quantitative Evaluation of Systems - 19th International Conference },
  series={ Lecture Notes in Computer Science },
  volume={ 13479 },
  pages={ 192--213 },
  publisher={ Springer },
  year={ 2022 },
  url={ https://doi.org/10.1007/978-3-031-16336-4\_10 },
  doi={ 10.1007/978-3-031-16336-4\_10 },
  timestamp={ Tue, 21 Mar 2023 20:54:44 +0100 },
  biburl={ https://dblp.org/rec/conf/qest/DasP22.bib },
  bibsource={ dblp computer science bibliography, https://dblp.org }
}"
Bisimulations for Neural Network Reduction,Pavithra Prabhakar,2022,"@inproceedings{DBLP:conf/vmcai/Prabhakar22,
  author={ Pavithra Prabhakar },
  editor={ Bernd Finkbeiner and },
  title={ Bisimulations for Neural Network Reduction },
  booktitle={ Verification, Model Checking, and Abstract Interpretation - 23rd International },
  series={ Lecture Notes in Computer Science },
  volume={ 13182 },
  pages={ 285--300 },
  publisher={ Springer },
  year={ 2022 },
  url={ https://doi.org/10.1007/978-3-030-94583-1\_14 },
  doi={ 10.1007/978-3-030-94583-1\_14 },
  timestamp={ Sun, 19 Jan 2025 13:39:36 +0100 },
  biburl={ https://dblp.org/rec/conf/vmcai/Prabhakar22.bib },
  bibsource={ dblp computer science bibliography, https://dblp.org }
}"
Bayesian Statistical Model Checking for Multi-agent Systems using,Spandan Das and,2022,"@article{DBLP:journals/corr/abs-2209-02672,
  author={ Spandan Das and },
  title={ Bayesian Statistical Model Checking for Multi-agent Systems using },
  journal={ CoRR },
  volume={ abs/2209.02672 },
  year={ 2022 },
  url={ https://doi.org/10.48550/arXiv.2209.02672 },
  doi={ 10.48550/ARXIV.2209.02672 },
  eprinttype={ arXiv },
  eprint={ 2209.02672 },
  timestamp={ Mon, 26 Sep 2022 01:00:00 +0200 },
  biburl={ https://dblp.org/rec/journals/corr/abs-2209-02672.bib },
  bibsource={ dblp computer science bibliography, https://dblp.org }
}"
Simulation Relations for Abstraction-based Robust Control of Hybrid,Pavithra Prabhakar and,2021,"@inproceedings{DBLP:conf/adhs/Prabhakar021,
  author={ Pavithra Prabhakar and },
  editor={ Rapha{\""{e}}l M. Jungers and },
  title={ Simulation Relations for Abstraction-based Robust Control of Hybrid },
  booktitle={ 7th {IFAC} Conference on Analysis and Design of Hybrid Systems, {ADHS },
  series={ IFAC-PapersOnLine },
  volume={ 54 },
  number={ 5 },
  pages={ 115--120 },
  publisher={ Elsevier },
  year={ 2021 },
  url={ https://doi.org/10.1016/j.ifacol.2021.08.484 },
  doi={ 10.1016/J.IFACOL.2021.08.484 },
  timestamp={ Tue, 14 Sep 2021 14:28:35 +0200 },
  biburl={ https://dblp.org/rec/conf/adhs/Prabhakar021.bib },
  bibsource={ dblp computer science bibliography, https://dblp.org }
}"
Formally Verified Switching Logic for Recoverability of Aircraft Controller,Ratan Lal and,2021,"@inproceedings{DBLP:conf/cav/LalMHKP21,
  author={ Ratan Lal and },
  editor={ Alexandra Silva and },
  title={ Formally Verified Switching Logic for Recoverability of Aircraft Controller },
  booktitle={ Computer Aided Verification - 33rd International Conference, {CAV },
  series={ Lecture Notes in Computer Science },
  volume={ 12759 },
  pages={ 566--579 },
  publisher={ Springer },
  year={ 2021 },
  url={ https://doi.org/10.1007/978-3-030-81685-8\_27 },
  doi={ 10.1007/978-3-030-81685-8\_27 },
  timestamp={ Sat, 30 Sep 2023 01:00:00 +0200 },
  biburl={ https://dblp.org/rec/conf/cav/LalMHKP21.bib },
  bibsource={ dblp computer science bibliography, https://dblp.org }
}"
Time-Optimal Multi-Quadrotor Trajectory Planning for Pesticide Spraying,Ratan Lal and,2021,"@inproceedings{DBLP:conf/icra/LalP21,
  author={ Ratan Lal and },
  title={ Time-Optimal Multi-Quadrotor Trajectory Planning for Pesticide Spraying },
  booktitle={ IEEE} International Conference on Robotics and Automation, {ICRA },
  pages={ 7965--7971 },
  publisher={ IEEE },
  year={ 2021 },
  url={ https://doi.org/10.1109/ICRA48506.2021.9561972 },
  doi={ 10.1109/ICRA48506.2021.9561972 },
  timestamp={ Sat, 30 Sep 2023 01:00:00 +0200 },
  biburl={ https://dblp.org/rec/conf/icra/LalP21.bib },
  bibsource={ dblp computer science bibliography, https://dblp.org }
}"
Probabilistic Stability Analysis of Planar Robots with Piecewise Constant,Spandan Das and,2021,"@article{DBLP:journals/corr/abs-2109-08265,
  author={ Spandan Das and },
  title={ Probabilistic Stability Analysis of Planar Robots with Piecewise Constant },
  journal={ CoRR },
  volume={ abs/2109.08265 },
  year={ 2021 },
  url={ https://arxiv.org/abs/2109.08265 },
  eprinttype={ arXiv },
  eprint={ 2109.08265 },
  timestamp={ Wed, 22 Sep 2021 01:00:00 +0200 },
  biburl={ https://dblp.org/rec/journals/corr/abs-2109-08265.bib },
  bibsource={ dblp computer science bibliography, https://dblp.org }
}"
Bisimulations for Neural Network Reduction,Pavithra Prabhakar,2021,"@article{DBLP:journals/corr/abs-2110-03726,
  author={ Pavithra Prabhakar },
  title={ Bisimulations for Neural Network Reduction },
  journal={ CoRR },
  volume={ abs/2110.03726 },
  year={ 2021 },
  url={ https://arxiv.org/abs/2110.03726 },
  eprinttype={ arXiv },
  eprint={ 2110.03726 },
  timestamp={ Thu, 21 Oct 2021 01:00:00 +0200 },
  biburl={ https://dblp.org/rec/journals/corr/abs-2110-03726.bib },
  bibsource={ dblp computer science bibliography, https://dblp.org }
}"
Safety Analysis of Linear Discrete-time Stochastic Systems: Work-in-Progress,Ratan Lal and,2020,"@inproceedings{DBLP:conf/emsoft/LalP20,
  author={ Ratan Lal and },
  editor={ Tulika Mitra and },
  title={ Safety Analysis of Linear Discrete-time Stochastic Systems: Work-in-Progress },
  booktitle={ 20th International Conference on Embedded Software, {EMSOFT} 2020 },
  pages={ 34--36 },
  publisher={ IEEE },
  year={ 2020 },
  url={ https://doi.org/10.1109/EMSOFT51651.2020.9244026 },
  doi={ 10.1109/EMSOFT51651.2020.9244026 },
  timestamp={ Sat, 30 Sep 2023 01:00:00 +0200 },
  biburl={ https://dblp.org/rec/conf/emsoft/LalP20.bib },
  bibsource={ dblp computer science bibliography, https://dblp.org }
}"
Bayesian Statistical Model Checking for Continuous Stochastic Logic,Ratan Lal and,2020,"@inproceedings{DBLP:conf/memocode/LalDP20,
  author={ Ratan Lal and },
  title={ Bayesian Statistical Model Checking for Continuous Stochastic Logic },
  booktitle={ 18th {ACM/IEEE} International Conference on Formal Methods and Models },
  pages={ 1--11 },
  publisher={ IEEE },
  year={ 2020 },
  url={ https://doi.org/10.1109/MEMOCODE51338.2020.9315001 },
  doi={ 10.1109/MEMOCODE51338.2020.9315001 },
  timestamp={ Sat, 30 Sep 2023 01:00:00 +0200 },
  biburl={ https://dblp.org/rec/conf/memocode/LalDP20.bib },
  bibsource={ dblp computer science bibliography, https://dblp.org }
}"
Model Checking Timed Hyperproperties in Discrete-Time Systems,Borzoo Bonakdarpour and,2020,"@inproceedings{DBLP:conf/nfm/BonakdarpourPS20,
  author={ Borzoo Bonakdarpour and },
  editor={ Ritchie Lee and },
  title={ Model Checking Timed Hyperproperties in Discrete-Time Systems },
  booktitle={ NASA} Formal Methods - 12th International Symposium, {NFM} 2020 },
  series={ Lecture Notes in Computer Science },
  volume={ 12229 },
  pages={ 311--328 },
  publisher={ Springer },
  year={ 2020 },
  url={ https://doi.org/10.1007/978-3-030-55754-6\_18 },
  doi={ 10.1007/978-3-030-55754-6\_18 },
  timestamp={ Wed, 28 Dec 2022 00:00:00 +0100 },
  biburl={ https://dblp.org/rec/conf/nfm/BonakdarpourPS20.bib },
  bibsource={ dblp computer science bibliography, https://dblp.org }
}"
Verifying Band Convergence for Sampled Control Systems,P. Ezudheen and,2020,"@inproceedings{DBLP:conf/nfm/EzudheenAPDD20,
  author={ P. Ezudheen and },
  editor={ Ritchie Lee and },
  title={ Verifying Band Convergence for Sampled Control Systems },
  booktitle={ NASA} Formal Methods - 12th International Symposium, {NFM} 2020 },
  series={ Lecture Notes in Computer Science },
  volume={ 12229 },
  pages={ 329--349 },
  publisher={ Springer },
  year={ 2020 },
  url={ https://doi.org/10.1007/978-3-030-55754-6\_19 },
  doi={ 10.1007/978-3-030-55754-6\_19 },
  timestamp={ Sun, 06 Oct 2024 01:00:00 +0200 },
  biburl={ https://dblp.org/rec/conf/nfm/EzudheenAPDD20.bib },
  bibsource={ dblp computer science bibliography, https://dblp.org }
}"
Hybridization for Stability Verification of Nonlinear Switched Systems,Miriam Garc{\'{\i}}a Soto and,2020,"@inproceedings{DBLP:conf/rtss/SotoP20,
  author={ Miriam Garc{\'{\i}}a Soto and },
  title={ Hybridization for Stability Verification of Nonlinear Switched Systems },
  booktitle={ 41st {IEEE} Real-Time Systems Symposium, {RTSS} 2020, Houston, TX },
  pages={ 244--256 },
  publisher={ IEEE },
  year={ 2020 },
  url={ https://doi.org/10.1109/RTSS49844.2020.00031 },
  doi={ 10.1109/RTSS49844.2020.00031 },
  timestamp={ Thu, 14 Oct 2021 01:00:00 +0200 },
  biburl={ https://dblp.org/rec/conf/rtss/SotoP20.bib },
  bibsource={ dblp computer science bibliography, https://dblp.org }
}"
Abstraction based Output Range Analysis for Neural Networks,Pavithra Prabhakar and,2020,"@article{DBLP:journals/corr/abs-2007-09527,
  author={ Pavithra Prabhakar and },
  title={ Abstraction based Output Range Analysis for Neural Networks },
  journal={ CoRR },
  volume={ abs/2007.09527 },
  year={ 2020 },
  url={ https://arxiv.org/abs/2007.09527 },
  eprinttype={ arXiv },
  eprint={ 2007.09527 },
  timestamp={ Tue, 28 Jul 2020 01:00:00 +0200 },
  biburl={ https://dblp.org/rec/journals/corr/abs-2007-09527.bib },
  bibsource={ dblp computer science bibliography, https://dblp.org }
}"
Optimal tool path planning for 3D printing with spatio-temporal and,Zahra Rahimi Afzal and,2020,"@article{DBLP:journals/corr/abs-2007-09626,
  author={ Zahra Rahimi Afzal and },
  title={ Optimal tool path planning for 3D printing with spatio-temporal and },
  journal={ CoRR },
  volume={ abs/2007.09626 },
  year={ 2020 },
  url={ https://arxiv.org/abs/2007.09626 },
  eprinttype={ arXiv },
  eprint={ 2007.09626 },
  timestamp={ Tue, 28 Jul 2020 01:00:00 +0200 },
  biburl={ https://dblp.org/rec/journals/corr/abs-2007-09626.bib },
  bibsource={ dblp computer science bibliography, https://dblp.org }
}"
Learning event-driven switched linear systems,Atreyee Kundu and,2020,"@article{DBLP:journals/corr/abs-2009-12831,
  author={ Atreyee Kundu and },
  title={ Learning event-driven switched linear systems },
  journal={ CoRR },
  volume={ abs/2009.12831 },
  year={ 2020 },
  url={ https://arxiv.org/abs/2009.12831 },
  eprinttype={ arXiv },
  eprint={ 2009.12831 },
  timestamp={ Wed, 30 Sep 2020 01:00:00 +0200 },
  biburl={ https://dblp.org/rec/journals/corr/abs-2009-12831.bib },
  bibsource={ dblp computer science bibliography, https://dblp.org }
}"
Counterexample Guided Abstraction Refinement for Polyhedral Probabilistic,Ratan Lal and,2019,"@article{DBLP:journals/tecs/LalP19,
  author={ Ratan Lal and },
  title={ Counterexample Guided Abstraction Refinement for Polyhedral Probabilistic },
  journal={ ACM} Trans. Embed. Comput. Syst. },
  volume={ 18 },
  number={ 5s },
  pages={ 98:1--98:23 },
  year={ 2019 },
  url={ https://doi.org/10.1145/3358217 },
  doi={ 10.1145/3358217 },
  timestamp={ Sun, 19 Jan 2025 00:00:00 +0100 },
  biburl={ https://dblp.org/rec/journals/tecs/LalP19.bib },
  bibsource={ dblp computer science bibliography, https://dblp.org }
}"
Optimal Path Planning for {\(\omega\)}-regular Objectives with Abstraction-Refinement,Yoke Peng Leong and,2019,"@inproceedings{DBLP:conf/icra/LeongP19,
  author={ Yoke Peng Leong and },
  title={ Optimal Path Planning for {\(\omega\)}-regular Objectives with Abstraction-Refinement },
  booktitle={ International Conference on Robotics and Automation, {ICRA} 2019 },
  pages={ 7683--7689 },
  publisher={ IEEE },
  year={ 2019 },
  url={ https://doi.org/10.1109/ICRA.2019.8794209 },
  doi={ 10.1109/ICRA.2019.8794209 },
  timestamp={ Wed, 16 Oct 2019 14:14:51 +0200 },
  biburl={ https://dblp.org/rec/conf/icra/LeongP19.bib },
  bibsource={ dblp computer science bibliography, https://dblp.org }
}"
Compositional construction of bounded error over-approximations of,Ratan Lal and,2019,"@inproceedings{DBLP:conf/memocode/LalP19,
  author={ Ratan Lal and },
  editor={ Partha S. Roop and },
  title={ Compositional construction of bounded error over-approximations of },
  booktitle={ Proceedings of the 17th {ACM-IEEE} International Conference on Formal },
  pages={ 12:1--12:5 },
  publisher={ ACM },
  year={ 2019 },
  url={ https://doi.org/10.1145/3359986.3361210 },
  doi={ 10.1145/3359986.3361210 },
  timestamp={ Sat, 30 Sep 2023 01:00:00 +0200 },
  biburl={ https://dblp.org/rec/conf/memocode/LalP19.bib },
  bibsource={ dblp computer science bibliography, https://dblp.org }
}"
Abstraction based Output Range Analysis for Neural Networks,Pavithra Prabhakar and,2019,"@inproceedings{DBLP:conf/nips/PrabhakarA19,
  author={ Pavithra Prabhakar and },
  editor={ Hanna M. Wallach and },
  title={ Abstraction based Output Range Analysis for Neural Networks },
  booktitle={ Advances in Neural Information Processing Systems 32: Annual Conference },
  pages={ 15762--15772 },
  year={ 2019 },
  url={ https://proceedings.neurips.cc/paper/2019/hash/5df0385cba256a135be596dbe28fa7aa-Abstract.html },
  timestamp={ Mon, 16 May 2022 15:41:51 +0200 },
  biburl={ https://dblp.org/rec/conf/nips/PrabhakarA19.bib },
  bibsource={ dblp computer science bibliography, https://dblp.org }
}"
Proceedings of the 22nd {ACM} International Conference on Hybrid Systems:,,2019,"@proceedings{DBLP:conf/hybrid/2019,
  editor={ Necmiye Ozay and },
  title={ Proceedings of the 22nd {ACM} International Conference on Hybrid Systems: },
  publisher={ ACM },
  year={ 2019 },
  url={ https://dl.acm.org/citation.cfm?id=3302504 },
  isbn={ 978-1-4503-6282-5 },
  timestamp={ Sun, 07 Apr 2019 01:00:00 +0200 },
  biburl={ https://dblp.org/rec/conf/hybrid/2019.bib },
  bibsource={ dblp computer science bibliography, https://dblp.org }
}"
Simulations and bisimulations for analysis of stability with respect,Pavithra Prabhakar and,2018,"@article{DBLP:journals/deds/PrabhakarLM18,
  author={ Pavithra Prabhakar and },
  title={ Simulations and bisimulations for analysis of stability with respect },
  journal={ Discret. Event Dyn. Syst. },
  volume={ 28 },
  number={ 3 },
  pages={ 349--374 },
  year={ 2018 },
  url={ https://doi.org/10.1007/s10626-017-0262-9 },
  doi={ 10.1007/S10626-017-0262-9 },
  timestamp={ Mon, 08 Jun 2020 01:00:00 +0200 },
  biburl={ https://dblp.org/rec/journals/deds/PrabhakarLM18.bib },
  bibsource={ dblp computer science bibliography, https://dblp.org }
}"
Hierarchical Abstractions for Reachability Analysis of Probabilistic,Ratan Lal and,2018,"@inproceedings{DBLP:conf/allerton/LalP18,
  author={ Ratan Lal and },
  title={ Hierarchical Abstractions for Reachability Analysis of Probabilistic },
  booktitle={ 56th Annual Allerton Conference on Communication, Control, and Computing },
  pages={ 848--855 },
  publisher={ IEEE },
  year={ 2018 },
  url={ https://doi.org/10.1109/ALLERTON.2018.8635976 },
  doi={ 10.1109/ALLERTON.2018.8635976 },
  timestamp={ Sat, 30 Sep 2023 01:00:00 +0200 },
  biburl={ https://dblp.org/rec/conf/allerton/LalP18.bib },
  bibsource={ dblp computer science bibliography, https://dblp.org }
}"
Relating Syntactic and Semantic Perturbations of Hybrid Automata,Nima Roohi and,2018,"@inproceedings{DBLP:conf/concur/RoohiP018,
  author={ Nima Roohi and },
  editor={ Sven Schewe and },
  title={ Relating Syntactic and Semantic Perturbations of Hybrid Automata },
  booktitle={ 29th International Conference on Concurrency Theory, {CONCUR} 2018 },
  series={ LIPIcs },
  volume={ 118 },
  pages={ 26:1--26:16 },
  publisher={ Schloss Dagstuhl - Leibniz-Zentrum f{\""{u}}r Informatik },
  year={ 2018 },
  url={ https://doi.org/10.4230/LIPIcs.CONCUR.2018.26 },
  doi={ 10.4230/LIPICS.CONCUR.2018.26 },
  timestamp={ Tue, 11 Feb 2020 15:52:14 +0100 },
  biburl={ https://dblp.org/rec/conf/concur/RoohiP018.bib },
  bibsource={ dblp computer science bibliography, https://dblp.org }
}"
Averist: Algorithmic Verifier for Stability of Linear Hybrid Systems,Miriam Garcia Soto and,2018,"@inproceedings{DBLP:conf/hybrid/SotoP18,
  author={ Miriam Garcia Soto and },
  editor={ Maria Prandini and },
  title={ Averist: Algorithmic Verifier for Stability of Linear Hybrid Systems },
  booktitle={ Proceedings of the 21st International Conference on Hybrid Systems: },
  pages={ 259--264 },
  publisher={ ACM },
  year={ 2018 },
  url={ https://doi.org/10.1145/3178126.3178154 },
  doi={ 10.1145/3178126.3178154 },
  timestamp={ Mon, 15 Jun 2020 01:00:00 +0200 },
  biburl={ https://dblp.org/rec/conf/hybrid/SotoP18.bib },
  bibsource={ dblp computer science bibliography, https://dblp.org }
}"
Bounded Verification of Reachability of Probabilistic Hybrid Systems,Ratan Lal and,2018,"@inproceedings{DBLP:conf/qest/LalP18,
  author={ Ratan Lal and },
  editor={ Annabelle McIver and },
  title={ Bounded Verification of Reachability of Probabilistic Hybrid Systems },
  booktitle={ Quantitative Evaluation of Systems - 15th International Conference },
  series={ Lecture Notes in Computer Science },
  volume={ 11024 },
  pages={ 240--256 },
  publisher={ Springer },
  year={ 2018 },
  url={ https://doi.org/10.1007/978-3-319-99154-2\_15 },
  doi={ 10.1007/978-3-319-99154-2\_15 },
  timestamp={ Sat, 30 Sep 2023 01:00:00 +0200 },
  biburl={ https://dblp.org/rec/conf/qest/LalP18.bib },
  bibsource={ dblp computer science bibliography, https://dblp.org }
}"
Automatic Trace Generation for Signal Temporal Logic,Pavithra Prabhakar and,2018,"@inproceedings{DBLP:conf/rtss/PrabhakarLK18,
  author={ Pavithra Prabhakar and },
  title={ Automatic Trace Generation for Signal Temporal Logic },
  booktitle={ 2018 {IEEE} Real-Time Systems Symposium, {RTSS} 2018, Nashville, TN },
  pages={ 208--217 },
  publisher={ IEEE} Computer Society },
  year={ 2018 },
  url={ https://doi.org/10.1109/RTSS.2018.00038 },
  doi={ 10.1109/RTSS.2018.00038 },
  timestamp={ Sat, 30 Sep 2023 01:00:00 +0200 },
  biburl={ https://dblp.org/rec/conf/rtss/PrabhakarLK18.bib },
  bibsource={ dblp computer science bibliography, https://dblp.org }
}"
Formal Modeling and Analysis of Timed Systems - 16th International,,2018,"@proceedings{DBLP:conf/formats/2018,
  editor={ David N. Jansen and },
  title={ Formal Modeling and Analysis of Timed Systems - 16th International },
  series={ Lecture Notes in Computer Science },
  volume={ 11022 },
  publisher={ Springer },
  year={ 2018 },
  url={ https://doi.org/10.1007/978-3-030-00151-3 },
  doi={ 10.1007/978-3-030-00151-3 },
  isbn={ 978-3-030-00150-6 },
  timestamp={ Sat, 09 Apr 2022 01:00:00 +0200 },
  biburl={ https://dblp.org/rec/conf/formats/2018.bib },
  bibsource={ dblp computer science bibliography, https://dblp.org }
}"
Safety analysis using compositional bounded error approximations of,Ratan Lal and,2017,"@inproceedings{DBLP:conf/cdc/LalP17,
  author={ Ratan Lal and },
  title={ Safety analysis using compositional bounded error approximations of },
  booktitle={ 56th {IEEE} Annual Conference on Decision and Control, {CDC} 2017 },
  pages={ 2378--2383 },
  publisher={ IEEE },
  year={ 2017 },
  url={ https://doi.org/10.1109/CDC.2017.8263997 },
  doi={ 10.1109/CDC.2017.8263997 },
  timestamp={ Sat, 30 Sep 2023 01:00:00 +0200 },
  biburl={ https://dblp.org/rec/conf/cdc/LalP17.bib },
  bibsource={ dblp computer science bibliography, https://dblp.org }
}"
Optimal multi-robot path planning for pesticide spraying in agricultural,Ratan Lal and,2017,"@inproceedings{DBLP:conf/cdc/LalSP17,
  author={ Ratan Lal and },
  title={ Optimal multi-robot path planning for pesticide spraying in agricultural },
  booktitle={ 56th {IEEE} Annual Conference on Decision and Control, {CDC} 2017 },
  pages={ 5815--5820 },
  publisher={ IEEE },
  year={ 2017 },
  url={ https://doi.org/10.1109/CDC.2017.8264538 },
  doi={ 10.1109/CDC.2017.8264538 },
  timestamp={ Sat, 30 Sep 2023 01:00:00 +0200 },
  biburl={ https://dblp.org/rec/conf/cdc/LalSP17.bib },
  bibsource={ dblp computer science bibliography, https://dblp.org }
}"
Formal Synthesis of Stabilizing Controllers for Switched Systems,Pavithra Prabhakar and,2017,"@inproceedings{DBLP:conf/hybrid/PrabhakarS17,
  author={ Pavithra Prabhakar and },
  editor={ Goran Frehse and },
  title={ Formal Synthesis of Stabilizing Controllers for Switched Systems },
  booktitle={ Proceedings of the 20th International Conference on Hybrid Systems: },
  pages={ 111--120 },
  publisher={ ACM },
  year={ 2017 },
  url={ https://doi.org/10.1145/3049797.3049822 },
  doi={ 10.1145/3049797.3049822 },
  timestamp={ Tue, 06 Nov 2018 11:07:36 +0100 },
  biburl={ https://dblp.org/rec/conf/hybrid/PrabhakarS17.bib },
  bibsource={ dblp computer science bibliography, https://dblp.org }
}"
Robust Model Checking of Timed Automata under Clock Drifts,Nima Roohi and,2017,"@inproceedings{DBLP:conf/hybrid/RoohiP017,
  author={ Nima Roohi and },
  editor={ Goran Frehse and },
  title={ Robust Model Checking of Timed Automata under Clock Drifts },
  booktitle={ Proceedings of the 20th International Conference on Hybrid Systems: },
  pages={ 153--162 },
  publisher={ ACM },
  year={ 2017 },
  url={ https://doi.org/10.1145/3049797.3049821 },
  doi={ 10.1145/3049797.3049821 },
  timestamp={ Tue, 06 Nov 2018 00:00:00 +0100 },
  biburl={ https://dblp.org/rec/conf/hybrid/RoohiP017.bib },
  bibsource={ dblp computer science bibliography, https://dblp.org }
}"
Abstraction based reachability analysis for finite branching stochastic,Wenji Zhang and,2017,"@inproceedings{DBLP:conf/iccps/ZhangPN17,
  author={ Wenji Zhang and },
  editor={ Sonia Mart{\'{\i}}nez and },
  title={ Abstraction based reachability analysis for finite branching stochastic },
  booktitle={ Proceedings of the 8th International Conference on Cyber-Physical },
  pages={ 121--130 },
  publisher={ ACM },
  year={ 2017 },
  url={ https://doi.org/10.1145/3055004.3055023 },
  doi={ 10.1145/3055004.3055023 },
  timestamp={ Fri, 03 Sep 2021 09:01:40 +0200 },
  biburl={ https://dblp.org/rec/conf/iccps/ZhangPN17.bib },
  bibsource={ dblp computer science bibliography, https://dblp.org }
}"
HARE:} {A} Hybrid Abstraction Refinement Engine for Verifying Non-linear,Nima Roohi and,2017,"@inproceedings{DBLP:conf/tacas/RoohiP017,
  author={ Nima Roohi and },
  editor={ Axel Legay and },
  title={ HARE:} {A} Hybrid Abstraction Refinement Engine for Verifying Non-linear },
  booktitle={ Tools and Algorithms for the Construction and Analysis of Systems },
  series={ Lecture Notes in Computer Science },
  volume={ 10205 },
  pages={ 573--588 },
  year={ 2017 },
  url={ https://doi.org/10.1007/978-3-662-54577-5\_33 },
  doi={ 10.1007/978-3-662-54577-5\_33 },
  timestamp={ Tue, 14 May 2019 10:00:53 +0200 },
  biburl={ https://dblp.org/rec/conf/tacas/RoohiP017.bib },
  bibsource={ dblp computer science bibliography, https://dblp.org }
}"
"Numerical Software Verification - 9th International Workshop, {NSV",,2017,"@proceedings{DBLP:conf/cav/2016nsv,
  editor={ Sergiy Bogomolov and },
  title={ Numerical Software Verification - 9th International Workshop, {NSV },
  series={ Lecture Notes in Computer Science },
  volume={ 10152 },
  year={ 2017 },
  url={ https://doi.org/10.1007/978-3-319-54292-8 },
  doi={ 10.1007/978-3-319-54292-8 },
  isbn={ 978-3-319-54291-1 },
  timestamp={ Tue, 14 May 2019 01:00:00 +0200 },
  biburl={ https://dblp.org/rec/conf/cav/2016nsv.bib },
  bibsource={ dblp computer science bibliography, https://dblp.org }
}"
Optimal control with regular objectives using an abstraction-refinement,Yoke Peng Leong and,2016,"@inproceedings{DBLP:conf/amcc/LeongP16,
  author={ Yoke Peng Leong and },
  title={ Optimal control with regular objectives using an abstraction-refinement },
  booktitle={ 2016 American Control Conference, {ACC} 2016, Boston, MA, USA, July },
  pages={ 5161--5168 },
  publisher={ IEEE },
  year={ 2016 },
  url={ https://doi.org/10.1109/ACC.2016.7526478 },
  doi={ 10.1109/ACC.2016.7526478 },
  timestamp={ Wed, 16 Oct 2019 14:14:51 +0200 },
  biburl={ https://dblp.org/rec/conf/amcc/LeongP16.bib },
  bibsource={ dblp computer science bibliography, https://dblp.org }
}"
Counterexample Guided Abstraction Refinement for Stability Analysis,Pavithra Prabhakar and,2016,"@inproceedings{DBLP:conf/cav/PrabhakarS16,
  author={ Pavithra Prabhakar and },
  editor={ Swarat Chaudhuri and },
  title={ Counterexample Guided Abstraction Refinement for Stability Analysis },
  booktitle={ Computer Aided Verification - 28th International Conference, {CAV },
  series={ Lecture Notes in Computer Science },
  volume={ 9779 },
  pages={ 495--512 },
  publisher={ Springer },
  year={ 2016 },
  url={ https://doi.org/10.1007/978-3-319-41528-4\_27 },
  doi={ 10.1007/978-3-319-41528-4\_27 },
  timestamp={ Tue, 14 May 2019 10:00:43 +0200 },
  biburl={ https://dblp.org/rec/conf/cav/PrabhakarS16.bib },
  bibsource={ dblp computer science bibliography, https://dblp.org }
}"
Bisimulations for input-output stability of hybrid systems,Pavithra Prabhakar and,2016,"@inproceedings{DBLP:conf/cdc/PrabhakarL16,
  author={ Pavithra Prabhakar and },
  title={ Bisimulations for input-output stability of hybrid systems },
  booktitle={ 55th {IEEE} Conference on Decision and Control, {CDC} 2016, Las Vegas },
  pages={ 5515--5520 },
  publisher={ IEEE },
  year={ 2016 },
  url={ https://doi.org/10.1109/CDC.2016.7799116 },
  doi={ 10.1109/CDC.2016.7799116 },
  timestamp={ Fri, 04 Mar 2022 13:29:43 +0100 },
  biburl={ https://dblp.org/rec/conf/cdc/PrabhakarL16.bib },
  bibsource={ dblp computer science bibliography, https://dblp.org }
}"
An algorithmic approach to global asymptotic stability verification,Pavithra Prabhakar and,2016,"@inproceedings{DBLP:conf/emsoft/PrabhakarS16,
  author={ Pavithra Prabhakar and },
  editor={ Petru Eles and },
  title={ An algorithmic approach to global asymptotic stability verification },
  booktitle={ 2016 International Conference on Embedded Software, {EMSOFT} 2016 },
  pages={ 9:1--9:10 },
  publisher={ ACM },
  year={ 2016 },
  url={ https://doi.org/10.1145/2968478.2968483 },
  doi={ 10.1145/2968478.2968483 },
  timestamp={ Thu, 08 Aug 2019 11:04:11 +0200 },
  biburl={ https://dblp.org/rec/conf/emsoft/PrabhakarS16.bib },
  bibsource={ dblp computer science bibliography, https://dblp.org }
}"
Hybridization for Stability Analysis of Switched Linear Systems,Pavithra Prabhakar and,2016,"@inproceedings{DBLP:conf/hybrid/PrabhakarS16,
  author={ Pavithra Prabhakar and },
  editor={ Alessandro Abate and },
  title={ Hybridization for Stability Analysis of Switched Linear Systems },
  booktitle={ Proceedings of the 19th International Conference on Hybrid Systems: },
  pages={ 71--80 },
  publisher={ ACM },
  year={ 2016 },
  url={ https://doi.org/10.1145/2883817.2883840 },
  doi={ 10.1145/2883817.2883840 },
  timestamp={ Fri, 13 Aug 2021 11:37:40 +0200 },
  biburl={ https://dblp.org/rec/conf/hybrid/PrabhakarS16.bib },
  bibsource={ dblp computer science bibliography, https://dblp.org }
}"
Verification Techniques for Hybrid Systems,Pavithra Prabhakar and,2016,"@inproceedings{DBLP:conf/isola/Prabhakar16,
  author={ Pavithra Prabhakar and },
  editor={ Tiziana Margaria and },
  title={ Verification Techniques for Hybrid Systems },
  booktitle={ Leveraging Applications of Formal Methods, Verification and Validation: },
  series={ Lecture Notes in Computer Science },
  volume={ 9953 },
  pages={ 833--842 },
  year={ 2016 },
  url={ https://doi.org/10.1007/978-3-319-47169-3\_61 },
  doi={ 10.1007/978-3-319-47169-3\_61 },
  timestamp={ Tue, 14 May 2019 10:00:41 +0200 },
  biburl={ https://dblp.org/rec/conf/isola/Prabhakar16.bib },
  bibsource={ dblp computer science bibliography, https://dblp.org }
}"
Hybridization Based {CEGAR} for Hybrid Automata with Affine Dynamics,Nima Roohi and,2016,"@inproceedings{DBLP:conf/tacas/RoohiP016,
  author={ Nima Roohi and },
  editor={ Marsha Chechik and },
  title={ Hybridization Based {CEGAR} for Hybrid Automata with Affine Dynamics },
  booktitle={ Tools and Algorithms for the Construction and Analysis of Systems },
  series={ Lecture Notes in Computer Science },
  volume={ 9636 },
  pages={ 752--769 },
  publisher={ Springer },
  year={ 2016 },
  url={ https://doi.org/10.1007/978-3-662-49674-9\_48 },
  doi={ 10.1007/978-3-662-49674-9\_48 },
  timestamp={ Tue, 14 May 2019 10:00:53 +0200 },
  biburl={ https://dblp.org/rec/conf/tacas/RoohiP016.bib },
  bibsource={ dblp computer science bibliography, https://dblp.org }
}"
Robustness in Cyber-Physical Systems (Dagstuhl Seminar 16362),"Martin Fr{\""{a}}nzle and",2016,"@article{DBLP:journals/dagstuhl-reports/FranzleKP16,
  author={ Martin Fr{\""{a}}nzle and },
  title={ Robustness in Cyber-Physical Systems (Dagstuhl Seminar 16362) },
  journal={ Dagstuhl Reports },
  volume={ 6 },
  number={ 9 },
  pages={ 29--45 },
  year={ 2016 },
  url={ https://doi.org/10.4230/DagRep.6.9.29 },
  doi={ 10.4230/DAGREP.6.9.29 },
  timestamp={ Wed, 07 Jun 2017 01:00:00 +0200 },
  biburl={ https://dblp.org/rec/journals/dagstuhl-reports/FranzleKP16.bib },
  bibsource={ dblp computer science bibliography, https://dblp.org }
}"
Hybrid automata-based {CEGAR} for rectangular hybrid systems,Pavithra Prabhakar and,2015,"@article{DBLP:journals/fmsd/PrabhakarDM015,
  author={ Pavithra Prabhakar and },
  title={ Hybrid automata-based {CEGAR} for rectangular hybrid systems },
  journal={ Formal Methods Syst. Des. },
  volume={ 46 },
  number={ 2 },
  pages={ 105--134 },
  year={ 2015 },
  url={ https://doi.org/10.1007/s10703-015-0225-4 },
  doi={ 10.1007/S10703-015-0225-4 },
  timestamp={ Sat, 30 Sep 2023 01:00:00 +0200 },
  biburl={ https://dblp.org/rec/journals/fmsd/PrabhakarDM015.bib },
  bibsource={ dblp computer science bibliography, https://dblp.org }
}"
Stability Preserving Simulations and Bisimulations for Hybrid Systems,Pavithra Prabhakar and,2015,"@article{DBLP:journals/tac/PrabhakarD015,
  author={ Pavithra Prabhakar and },
  title={ Stability Preserving Simulations and Bisimulations for Hybrid Systems },
  journal={ IEEE} Trans. Autom. Control. },
  volume={ 60 },
  number={ 12 },
  pages={ 3210--3225 },
  year={ 2015 },
  url={ https://doi.org/10.1109/TAC.2015.2422431 },
  doi={ 10.1109/TAC.2015.2422431 },
  timestamp={ Wed, 20 May 2020 01:00:00 +0200 },
  biburl={ https://dblp.org/rec/journals/tac/PrabhakarD015.bib },
  bibsource={ dblp computer science bibliography, https://dblp.org }
}"
A decidable class of planar linear hybrid systems,Pavithra Prabhakar and,2015,"@article{DBLP:journals/tcs/PrabhakarVVD15,
  author={ Pavithra Prabhakar and },
  title={ A decidable class of planar linear hybrid systems },
  journal={ Theor. Comput. Sci. },
  volume={ 574 },
  pages={ 1--17 },
  year={ 2015 },
  url={ https://doi.org/10.1016/j.tcs.2014.11.018 },
  doi={ 10.1016/J.TCS.2014.11.018 },
  timestamp={ Wed, 17 Feb 2021 00:00:00 +0100 },
  biburl={ https://dblp.org/rec/journals/tcs/PrabhakarVVD15.bib },
  bibsource={ dblp computer science bibliography, https://dblp.org }
}"
An Algorithmic Approach to Stability Verification of Hybrid Systems:,Pavithra Prabhakar and,0,"@inproceedings{DBLP:conf/cav/PrabhakarS15,
  author={ Pavithra Prabhakar and },
  editor={ Sergiy Bogomolov and },
  title={ An Algorithmic Approach to Stability Verification of Hybrid Systems: },
  booktitle={ 1st International Workshop on Symbolic and Numerical Methods for Reachability }
}"
Bounded error flowpipe computation of parameterized linear systems,Ratan Lal and,2015,"@inproceedings{DBLP:conf/emsoft/LalP15,
  author={ Ratan Lal and },
  editor={ Alain Girault and },
  title={ Bounded error flowpipe computation of parameterized linear systems },
  booktitle={ 2015 International Conference on Embedded Software, {EMSOFT} 2015 },
  pages={ 237--246 },
  publisher={ IEEE },
  year={ 2015 },
  url={ https://doi.org/10.1109/EMSOFT.2015.7318279 },
  doi={ 10.1109/EMSOFT.2015.7318279 },
  timestamp={ Sat, 30 Sep 2023 01:00:00 +0200 },
  biburl={ https://dblp.org/rec/conf/emsoft/LalP15.bib },
  bibsource={ dblp computer science bibliography, https://dblp.org }
}"
Deciding Concurrent Planar Monotonic Linear Hybrid Systems,Pavithra Prabhakar and,2015,"@inproceedings{DBLP:conf/formats/PrabhakarR015,
  author={ Pavithra Prabhakar and },
  editor={ Sriram Sankaranarayanan and },
  title={ Deciding Concurrent Planar Monotonic Linear Hybrid Systems },
  booktitle={ Formal Modeling and Analysis of Timed Systems - 13th International },
  series={ Lecture Notes in Computer Science },
  volume={ 9268 },
  pages={ 256--269 },
  publisher={ Springer },
  year={ 2015 },
  url={ https://doi.org/10.1007/978-3-319-22975-1\_17 },
  doi={ 10.1007/978-3-319-22975-1\_17 },
  timestamp={ Fri, 06 Sep 2019 10:57:16 +0200 },
  biburl={ https://dblp.org/rec/conf/formats/PrabhakarR015.bib },
  bibsource={ dblp computer science bibliography, https://dblp.org }
}"
From non-zenoness verification to termination,Pierre Ganty and,2015,"@inproceedings{DBLP:conf/memocode/GantyGLP15,
  author={ Pierre Ganty and },
  title={ From non-zenoness verification to termination },
  booktitle={ 13. {ACM/IEEE} International Conference on Formal Methods and Models },
  pages={ 228--237 },
  publisher={ IEEE },
  year={ 2015 },
  url={ https://doi.org/10.1109/MEMCOD.2015.7340490 },
  doi={ 10.1109/MEMCOD.2015.7340490 },
  timestamp={ Sat, 30 Sep 2023 01:00:00 +0200 },
  biburl={ https://dblp.org/rec/conf/memocode/GantyGLP15.bib },
  bibsource={ dblp computer science bibliography, https://dblp.org }
}"
Foundations of Quantitative Predicate Abstraction for Stability Analysis,Pavithra Prabhakar and,2015,"@inproceedings{DBLP:conf/vmcai/PrabhakarS15,
  author={ Pavithra Prabhakar and },
  editor={ Deepak D'Souza and },
  title={ Foundations of Quantitative Predicate Abstraction for Stability Analysis },
  booktitle={ Verification, Model Checking, and Abstract Interpretation - 16th International },
  series={ Lecture Notes in Computer Science },
  volume={ 8931 },
  pages={ 318--335 },
  publisher={ Springer },
  year={ 2015 },
  url={ https://doi.org/10.1007/978-3-662-46081-8\_18 },
  doi={ 10.1007/978-3-662-46081-8\_18 },
  timestamp={ Tue, 07 May 2024 20:11:13 +0200 },
  biburl={ https://dblp.org/rec/conf/vmcai/PrabhakarS15.bib },
  bibsource={ dblp computer science bibliography, https://dblp.org }
}"
AVERIST:} An Algorithmic Verifier for Stability,Pavithra Prabhakar and,2015,"@inproceedings{DBLP:journals/entcs/PrabhakarS15,
  author={ Pavithra Prabhakar and },
  editor={ Sergiy Bogomolov and },
  title={ AVERIST:} An Algorithmic Verifier for Stability },
  booktitle={ Seventh and Eighth International Workshops on Numerical Software Verification },
  series={ Electronic Notes in Theoretical Computer Science },
  volume={ 317 },
  pages={ 133--139 },
  publisher={ Elsevier },
  year={ 2015 },
  url={ https://doi.org/10.1016/j.entcs.2015.10.013 },
  doi={ 10.1016/J.ENTCS.2015.10.013 },
  timestamp={ Thu, 10 Nov 2022 15:22:15 +0100 },
  biburl={ https://dblp.org/rec/journals/entcs/PrabhakarS15.bib },
  bibsource={ dblp computer science bibliography, https://dblp.org }
}"
An algorithmic approach to stability verification of polyhedral switched,Pavithra Prabhakar and,2014,"@inproceedings{DBLP:conf/amcc/PrabhakarS14,
  author={ Pavithra Prabhakar and },
  title={ An algorithmic approach to stability verification of polyhedral switched },
  booktitle={ American Control Conference, {ACC} 2014, Portland, OR, USA, June 4-6 },
  pages={ 2318--2323 },
  publisher={ IEEE },
  year={ 2014 },
  url={ https://doi.org/10.1109/ACC.2014.6859056 },
  doi={ 10.1109/ACC.2014.6859056 },
  timestamp={ Sun, 08 Aug 2021 01:40:57 +0200 },
  biburl={ https://dblp.org/rec/conf/amcc/PrabhakarS14.bib },
  bibsource={ dblp computer science bibliography, https://dblp.org }
}"
Decoupled Formal Synthesis for Almost Separable Systems with Temporal,Scott C. Livingston and,2014,"@inproceedings{DBLP:conf/dars/LivingstonP14,
  author={ Scott C. Livingston and },
  editor={ Nak Young Chong and },
  title={ Decoupled Formal Synthesis for Almost Separable Systems with Temporal },
  booktitle={ Distributed Autonomous Robotic Systems - The 12th International Symposium },
  series={ Springer Tracts in Advanced Robotics },
  volume={ 112 },
  pages={ 371--385 },
  publisher={ Springer },
  year={ 2014 },
  url={ https://doi.org/10.1007/978-4-431-55879-8\_26 },
  doi={ 10.1007/978-4-431-55879-8\_26 },
  timestamp={ Fri, 04 May 2018 01:16:52 +0200 },
  biburl={ https://dblp.org/rec/conf/dars/LivingstonP14.bib },
  bibsource={ dblp computer science bibliography, https://dblp.org }
}"
Switching control of dynamical systems from metric temporal logic,Jun Liu and,2014,"@inproceedings{DBLP:conf/icra/LiuP14a,
  author={ Jun Liu and },
  title={ Switching control of dynamical systems from metric temporal logic },
  booktitle={ 2014 {IEEE} International Conference on Robotics and Automation, {ICRA },
  pages={ 5333--5338 },
  publisher={ IEEE },
  year={ 2014 },
  url={ https://doi.org/10.1109/ICRA.2014.6907643 },
  doi={ 10.1109/ICRA.2014.6907643 },
  timestamp={ Wed, 16 Oct 2019 14:14:51 +0200 },
  biburl={ https://dblp.org/rec/conf/icra/LiuP14a.bib },
  bibsource={ dblp computer science bibliography, https://dblp.org }
}"
Verification of Cyber-Physical Systems (Dagstuhl Seminar 14122),Rupak Majumdar and,2014,"@article{DBLP:journals/dagstuhl-reports/MajumdarMP14,
  author={ Rupak Majumdar and },
  title={ Verification of Cyber-Physical Systems (Dagstuhl Seminar 14122) },
  journal={ Dagstuhl Reports },
  volume={ 4 },
  number={ 3 },
  pages={ 85--102 },
  year={ 2014 },
  url={ https://doi.org/10.4230/DagRep.4.3.85 },
  doi={ 10.4230/DAGREP.4.3.85 },
  timestamp={ Wed, 07 Jun 2017 01:00:00 +0200 },
  biburl={ https://dblp.org/rec/journals/dagstuhl-reports/MajumdarMP14.bib },
  bibsource={ dblp computer science bibliography, https://dblp.org }
}"
Computing augmented finite transition systems to synthesize switching,Necmiye Ozay and,2013,"@inproceedings{DBLP:conf/amcc/OzayLPM13,
  author={ Necmiye Ozay and },
  title={ Computing augmented finite transition systems to synthesize switching },
  booktitle={ American Control Conference, {ACC} 2013, Washington, DC, USA, June },
  pages={ 6237--6244 },
  publisher={ IEEE },
  year={ 2013 },
  url={ https://doi.org/10.1109/ACC.2013.6580816 },
  doi={ 10.1109/ACC.2013.6580816 },
  timestamp={ Sun, 08 Aug 2021 01:40:56 +0200 },
  biburl={ https://dblp.org/rec/conf/amcc/OzayLPM13.bib },
  bibsource={ dblp computer science bibliography, https://dblp.org }
}"
Abstraction Based Model-Checking of Stability of Hybrid Systems,Pavithra Prabhakar and,2013,"@inproceedings{DBLP:conf/cav/PrabhakarS13,
  author={ Pavithra Prabhakar and },
  editor={ Natasha Sharygina and },
  title={ Abstraction Based Model-Checking of Stability of Hybrid Systems },
  booktitle={ Computer Aided Verification - 25th International Conference, {CAV },
  series={ Lecture Notes in Computer Science },
  volume={ 8044 },
  pages={ 280--295 },
  publisher={ Springer },
  year={ 2013 },
  url={ https://doi.org/10.1007/978-3-642-39799-8\_20 },
  doi={ 10.1007/978-3-642-39799-8\_20 },
  timestamp={ Wed, 07 Dec 2022 23:12:58 +0100 },
  biburl={ https://dblp.org/rec/conf/cav/PrabhakarS13.bib },
  bibsource={ dblp computer science bibliography, https://dblp.org }
}"
Pre-orders for reasoning about stability properties with respect to,Pavithra Prabhakar and,2013,"@inproceedings{DBLP:conf/emsoft/PrabhakarLM13,
  author={ Pavithra Prabhakar and },
  editor={ Rolf Ernst and },
  title={ Pre-orders for reasoning about stability properties with respect to },
  booktitle={ Proceedings of the International Conference on Embedded Software },
  pages={ 24:1--24:10 },
  publisher={ IEEE },
  year={ 2013 },
  url={ https://doi.org/10.1109/EMSOFT.2013.6658602 },
  doi={ 10.1109/EMSOFT.2013.6658602 },
  timestamp={ Wed, 16 Oct 2019 14:14:56 +0200 },
  biburl={ https://dblp.org/rec/conf/emsoft/PrabhakarLM13.bib },
  bibsource={ dblp computer science bibliography, https://dblp.org }
}"
Verifying information flow properties of hybrid systems,Pavithra Prabhakar and,2013,"@inproceedings{DBLP:conf/hicons/PrabhakarK13,
  author={ Pavithra Prabhakar and },
  editor={ Linda Bushnell and },
  title={ Verifying information flow properties of hybrid systems },
  booktitle={ 2nd {ACM} International Conference on High Confidence Networked Systems },
  pages={ 77--84 },
  publisher={ ACM },
  year={ 2013 },
  url={ https://doi.org/10.1145/2461446.2461458 },
  doi={ 10.1145/2461446.2461458 },
  timestamp={ Tue, 06 Nov 2018 00:00:00 +0100 },
  biburl={ https://dblp.org/rec/conf/hicons/PrabhakarK13.bib },
  bibsource={ dblp computer science bibliography, https://dblp.org }
}"
On the decidability of stability of hybrid systems,Pavithra Prabhakar and,2013,"@inproceedings{DBLP:conf/hybrid/PrabhakarV13,
  author={ Pavithra Prabhakar and },
  editor={ Calin Belta and },
  title={ On the decidability of stability of hybrid systems },
  booktitle={ Proceedings of the 16th international conference on Hybrid systems: },
  pages={ 53--62 },
  publisher={ ACM },
  year={ 2013 },
  url={ https://doi.org/10.1145/2461328.2461339 },
  doi={ 10.1145/2461328.2461339 },
  timestamp={ Tue, 06 Nov 2018 00:00:00 +0100 },
  biburl={ https://dblp.org/rec/conf/hybrid/PrabhakarV13.bib },
  bibsource={ dblp computer science bibliography, https://dblp.org }
}"
Patching task-level robot controllers based on a local {\(\mu\)}-calculus,Scott C. Livingston and,2013,"@inproceedings{DBLP:conf/icra/LivingstonPJM13,
  author={ Scott C. Livingston and },
  title={ Patching task-level robot controllers based on a local {\(\mu\)}-calculus },
  booktitle={ 2013 {IEEE} International Conference on Robotics and Automation, Karlsruhe },
  pages={ 4588--4595 },
  publisher={ IEEE },
  year={ 2013 },
  url={ https://doi.org/10.1109/ICRA.2013.6631229 },
  doi={ 10.1109/ICRA.2013.6631229 },
  timestamp={ Wed, 16 Oct 2019 14:14:51 +0200 },
  biburl={ https://dblp.org/rec/conf/icra/LivingstonPJM13.bib },
  bibsource={ dblp computer science bibliography, https://dblp.org }
}"
Hybrid Automata-Based {CEGAR} for Rectangular Hybrid Systems,Pavithra Prabhakar and,2013,"@inproceedings{DBLP:conf/vmcai/PrabhakarDMV13,
  author={ Pavithra Prabhakar and },
  editor={ Roberto Giacobazzi and },
  title={ Hybrid Automata-Based {CEGAR} for Rectangular Hybrid Systems },
  booktitle={ Verification, Model Checking, and Abstract Interpretation, 14th International },
  series={ Lecture Notes in Computer Science },
  volume={ 7737 },
  pages={ 48--67 },
  publisher={ Springer },
  year={ 2013 },
  url={ https://doi.org/10.1007/978-3-642-35873-9\_6 },
  doi={ 10.1007/978-3-642-35873-9\_6 },
  timestamp={ Sat, 30 Sep 2023 01:00:00 +0200 },
  biburl={ https://dblp.org/rec/conf/vmcai/PrabhakarDMV13.bib },
  bibsource={ dblp computer science bibliography, https://dblp.org }
}"
Verification of Bounded Discrete Horizon Hybrid Automata,Vladimeros Vladimerou and,2012,"@article{DBLP:journals/tac/VladimerouPVD12,
  author={ Vladimeros Vladimerou and },
  title={ Verification of Bounded Discrete Horizon Hybrid Automata },
  journal={ IEEE} Trans. Autom. Control. },
  volume={ 57 },
  number={ 6 },
  pages={ 1445--1455 },
  year={ 2012 },
  url={ https://doi.org/10.1109/TAC.2011.2178319 },
  doi={ 10.1109/TAC.2011.2178319 },
  timestamp={ Wed, 20 May 2020 01:00:00 +0200 },
  biburl={ https://dblp.org/rec/journals/tac/VladimerouPVD12.bib },
  bibsource={ dblp computer science bibliography, https://dblp.org }
}"
Foundations for approximation based analysis of stability properties,Pavithra Prabhakar,2012,"@inproceedings{DBLP:conf/allerton/Prabhakar12,
  author={ Pavithra Prabhakar },
  title={ Foundations for approximation based analysis of stability properties },
  booktitle={ 50th Annual Allerton Conference on Communication, Control, and Computing },
  pages={ 1602--1609 },
  publisher={ IEEE },
  year={ 2012 },
  url={ https://doi.org/10.1109/Allerton.2012.6483412 },
  doi={ 10.1109/ALLERTON.2012.6483412 },
  timestamp={ Wed, 16 Oct 2019 14:14:55 +0200 },
  biburl={ https://dblp.org/rec/conf/allerton/Prabhakar12.bib },
  bibsource={ dblp computer science bibliography, https://dblp.org }
}"
Conformance Testing of Boolean Programs with Multiple Faults,Pavithra Prabhakar and,2012,"@inproceedings{DBLP:conf/forte/PrabhakarV12,
  author={ Pavithra Prabhakar and },
  editor={ Holger Giese and },
  title={ Conformance Testing of Boolean Programs with Multiple Faults },
  booktitle={ Formal Techniques for Distributed Systems - Joint 14th {IFIP} {WG },
  series={ Lecture Notes in Computer Science },
  volume={ 7273 },
  pages={ 101--117 },
  publisher={ Springer },
  year={ 2012 },
  url={ https://doi.org/10.1007/978-3-642-30793-5\_7 },
  doi={ 10.1007/978-3-642-30793-5\_7 },
  timestamp={ Tue, 14 May 2019 10:00:50 +0200 },
  biburl={ https://dblp.org/rec/conf/forte/PrabhakarV12.bib },
  bibsource={ dblp computer science bibliography, https://dblp.org }
}"
Pre-orders for reasoning about stability,Pavithra Prabhakar and,2012,"@inproceedings{DBLP:conf/hybrid/PrabhakarDV12,
  author={ Pavithra Prabhakar and },
  editor={ Thao Dang and },
  title={ Pre-orders for reasoning about stability },
  booktitle={ Hybrid Systems: Computation and Control (part of {CPS} Week 2012) },
  pages={ 197--206 },
  publisher={ ACM },
  year={ 2012 },
  url={ https://doi.org/10.1145/2185632.2185662 },
  doi={ 10.1145/2185632.2185662 },
  timestamp={ Tue, 03 Aug 2021 16:22:20 +0200 },
  biburl={ https://dblp.org/rec/conf/hybrid/PrabhakarDV12.bib },
  bibsource={ dblp computer science bibliography, https://dblp.org }
}"
Introduction to Hybrid Automata,Madhu Gopinathan and,2012,"@incollection{DBLP:books/ws/automata2012/GopinathanP12,
  author={ Madhu Gopinathan and },
  editor={ Deepak D'Souza and },
  title={ Introduction to Hybrid Automata },
  booktitle={ Modern Applications of Automata Theory },
  series={ IISc Research Monographs Series },
  volume={ 2 },
  pages={ 415--436 },
  publisher={ World Scientific },
  year={ 2012 },
  url={ https://doi.org/10.1142/9789814271059\_0013 },
  doi={ 10.1142/9789814271059\_0013 },
  timestamp={ Sat, 03 Aug 2019 22:52:51 +0200 },
  biburl={ https://dblp.org/rec/books/ws/automata2012/GopinathanP12.bib },
  bibsource={ dblp computer science bibliography, https://dblp.org }
}"
Automata and Logics over Signals,Fabrice Chevalier and,2012,"@incollection{DBLP:books/ws/automata2012/ChevalierDMP12,
  author={ Fabrice Chevalier and },
  editor={ Deepak D'Souza and },
  title={ Automata and Logics over Signals },
  booktitle={ Modern Applications of Automata Theory },
  series={ IISc Research Monographs Series },
  volume={ 2 },
  pages={ 555--584 },
  publisher={ World Scientific },
  year={ 2012 },
  url={ https://doi.org/10.1142/9789814271059\_0018 },
  doi={ 10.1142/9789814271059\_0018 },
  timestamp={ Sat, 03 Aug 2019 01:00:00 +0200 },
  biburl={ https://dblp.org/rec/books/ws/automata2012/ChevalierDMP12.bib },
  bibsource={ dblp computer science bibliography, https://dblp.org }
}"
Approximation Based Safety and Stability Verification of Hybrid Systems,Pavithra Prabhakar,2011,"@phdthesis{DBLP:phd/us/Prabhakar11,
  author={ Pavithra Prabhakar },
  title={ Approximation Based Safety and Stability Verification of Hybrid Systems },
  school={ University of Illinois Urbana-Champaign, {USA },
  year={ 2011 },
  url={ https://hdl.handle.net/2142/26102 },
  timestamp={ Fri, 13 Oct 2023 01:00:00 +0200 },
  biburl={ https://dblp.org/rec/phd/us/Prabhakar11.bib },
  bibsource={ dblp computer science bibliography, https://dblp.org }
}"
Specifications for decidable hybrid games,Vladimeros Vladimerou and,2011,"@article{DBLP:journals/tcs/VladimerouPVD11,
  author={ Vladimeros Vladimerou and },
  title={ Specifications for decidable hybrid games },
  journal={ Theor. Comput. Sci. },
  volume={ 412 },
  number={ 48 },
  pages={ 6770--6785 },
  year={ 2011 },
  url={ https://doi.org/10.1016/j.tcs.2011.08.036 },
  doi={ 10.1016/J.TCS.2011.08.036 },
  timestamp={ Wed, 17 Feb 2021 00:00:00 +0100 },
  biburl={ https://dblp.org/rec/journals/tcs/VladimerouPVD11.bib },
  bibsource={ dblp computer science bibliography, https://dblp.org }
}"
A dynamic algorithm for approximate flow computations,Pavithra Prabhakar and,2011,"@inproceedings{DBLP:conf/hybrid/PrabhakarV11,
  author={ Pavithra Prabhakar and },
  editor={ Marco Caccamo and },
  title={ A dynamic algorithm for approximate flow computations },
  booktitle={ Proceedings of the 14th {ACM} International Conference on Hybrid Systems: },
  pages={ 133--142 },
  publisher={ ACM },
  year={ 2011 },
  url={ https://doi.org/10.1145/1967701.1967722 },
  doi={ 10.1145/1967701.1967722 },
  timestamp={ Tue, 06 Nov 2018 00:00:00 +0100 },
  biburl={ https://dblp.org/rec/conf/hybrid/PrabhakarV11.bib },
  bibsource={ dblp computer science bibliography, https://dblp.org }
}"
Behavior Based Service Composition,Fangzhe Chang and,2011,"@inproceedings{DBLP:conf/wsfm/ChangPV11,
  author={ Fangzhe Chang and },
  editor={ Marco Carbone and },
  title={ Behavior Based Service Composition },
  booktitle={ Web Services and Formal Methods - 8th International Workshop, {WS-FM },
  series={ Lecture Notes in Computer Science },
  volume={ 7176 },
  pages={ 17--31 },
  publisher={ Springer },
  year={ 2011 },
  url={ https://doi.org/10.1007/978-3-642-29834-9\_3 },
  doi={ 10.1007/978-3-642-29834-9\_3 },
  timestamp={ Tue, 14 May 2019 10:00:41 +0200 },
  biburl={ https://dblp.org/rec/conf/wsfm/ChangPV11.bib },
  bibsource={ dblp computer science bibliography, https://dblp.org }
}"
Complexity Bounds for the Verification of Real-Time Software,Rohit Chadha and,2010,"@inproceedings{DBLP:conf/vmcai/ChadhaLPV10,
  author={ Rohit Chadha and },
  editor={ Gilles Barthe and },
  title={ Complexity Bounds for the Verification of Real-Time Software },
  booktitle={ Verification, Model Checking, and Abstract Interpretation, 11th International },
  series={ Lecture Notes in Computer Science },
  volume={ 5944 },
  pages={ 95--111 },
  publisher={ Springer },
  year={ 2010 },
  url={ https://doi.org/10.1007/978-3-642-11319-2\_10 },
  doi={ 10.1007/978-3-642-11319-2\_10 },
  timestamp={ Sat, 19 Oct 2019 20:29:32 +0200 },
  biburl={ https://dblp.org/rec/conf/vmcai/ChadhaLPV10.bib },
  bibsource={ dblp computer science bibliography, https://dblp.org }
}"
Automata and logics over finitely varying functions,Fabrice Chevalier and,2009,"@article{DBLP:journals/apal/ChevalierDMP09,
  author={ Fabrice Chevalier and },
  title={ Automata and logics over finitely varying functions },
  journal={ Ann. Pure Appl. Log. },
  volume={ 161 },
  number={ 3 },
  pages={ 324--336 },
  year={ 2009 },
  url={ https://doi.org/10.1016/j.apal.2009.07.007 },
  doi={ 10.1016/J.APAL.2009.07.007 },
  timestamp={ Fri, 21 Feb 2020 00:00:00 +0100 },
  biburl={ https://dblp.org/rec/journals/apal/ChevalierDMP09.bib },
  bibsource={ dblp computer science bibliography, https://dblp.org }
}"
On Convergence of Concurrent Systems under Regular Interactions,Pavithra Prabhakar and,2009,"@inproceedings{DBLP:conf/concur/PrabhakarMV09,
  author={ Pavithra Prabhakar and },
  editor={ Mario Bravetti and },
  title={ On Convergence of Concurrent Systems under Regular Interactions },
  booktitle={ CONCUR} 2009 - Concurrency Theory, 20th International Conference },
  series={ Lecture Notes in Computer Science },
  volume={ 5710 },
  pages={ 527--541 },
  publisher={ Springer },
  year={ 2009 },
  url={ https://doi.org/10.1007/978-3-642-04081-8\_35 },
  doi={ 10.1007/978-3-642-04081-8\_35 },
  timestamp={ Sat, 30 Sep 2023 01:00:00 +0200 },
  biburl={ https://dblp.org/rec/conf/concur/PrabhakarMV09.bib },
  bibsource={ dblp computer science bibliography, https://dblp.org }
}"
STORMED} Hybrid Games,Vladimeros Vladimerou and,2009,"@inproceedings{DBLP:conf/hybrid/VladimerouPVD09,
  author={ Vladimeros Vladimerou and },
  editor={ Rupak Majumdar and },
  title={ STORMED} Hybrid Games },
  booktitle={ Hybrid Systems: Computation and Control, 12th International Conference },
  series={ Lecture Notes in Computer Science },
  volume={ 5469 },
  pages={ 480--484 },
  publisher={ Springer },
  year={ 2009 },
  url={ https://doi.org/10.1007/978-3-642-00602-9\_39 },
  doi={ 10.1007/978-3-642-00602-9\_39 },
  timestamp={ Tue, 14 May 2019 10:00:42 +0200 },
  biburl={ https://dblp.org/rec/conf/hybrid/VladimerouPVD09.bib },
  bibsource={ dblp computer science bibliography, https://dblp.org }
}"
Verifying Tolerant Systems Using Polynomial Approximations,Pavithra Prabhakar and,2009,"@inproceedings{DBLP:conf/rtss/PrabhakarVVD09,
  author={ Pavithra Prabhakar and },
  editor={ Theodore P. Baker },
  title={ Verifying Tolerant Systems Using Polynomial Approximations },
  booktitle={ Proceedings of the 30th {IEEE} Real-Time Systems Symposium, {RTSS },
  pages={ 181--190 },
  publisher={ IEEE} Computer Society },
  year={ 2009 },
  url={ https://doi.org/10.1109/RTSS.2009.28 },
  doi={ 10.1109/RTSS.2009.28 },
  timestamp={ Fri, 24 Mar 2023 00:00:00 +0100 },
  biburl={ https://dblp.org/rec/conf/rtss/PrabhakarVVD09.bib },
  bibsource={ dblp computer science bibliography, https://dblp.org }
}"
A Decidable Class of Planar Linear Hybrid Systems,Pavithra Prabhakar and,2008,"@inproceedings{DBLP:conf/hybrid/PrabhakarVVD08,
  author={ Pavithra Prabhakar and },
  editor={ Magnus Egerstedt and },
  title={ A Decidable Class of Planar Linear Hybrid Systems },
  booktitle={ Hybrid Systems: Computation and Control, 11th International Workshop },
  series={ Lecture Notes in Computer Science },
  volume={ 4981 },
  pages={ 401--414 },
  publisher={ Springer },
  year={ 2008 },
  url={ https://doi.org/10.1007/978-3-540-78929-1\_29 },
  doi={ 10.1007/978-3-540-78929-1\_29 },
  timestamp={ Tue, 14 May 2019 10:00:42 +0200 },
  biburl={ https://dblp.org/rec/conf/hybrid/PrabhakarVVD08.bib },
  bibsource={ dblp computer science bibliography, https://dblp.org }
}"
STORMED} Hybrid Systems,Vladimeros Vladimerou and,2008,"@inproceedings{DBLP:conf/icalp/VladimerouPVD08,
  author={ Vladimeros Vladimerou and },
  editor={ Luca Aceto and },
  title={ STORMED} Hybrid Systems },
  booktitle={ Automata, Languages and Programming, 35th International Colloquium },
  series={ Lecture Notes in Computer Science },
  volume={ 5126 },
  pages={ 136--147 },
  publisher={ Springer },
  year={ 2008 },
  url={ https://doi.org/10.1007/978-3-540-70583-3\_12 },
  doi={ 10.1007/978-3-540-70583-3\_12 },
  timestamp={ Fri, 27 Mar 2020 09:02:59 +0100 },
  biburl={ https://dblp.org/rec/conf/icalp/VladimerouPVD08.bib },
  bibsource={ dblp computer science bibliography, https://dblp.org }
}"
Formal modeling and analysis of real-time resource-sharing protocols,"Peter Csaba {\""{O}}lveczky and",2008,"@inproceedings{DBLP:conf/ipps/OlveczkyPL08,
  author={ Peter Csaba {\""{O}}lveczky and },
  title={ Formal modeling and analysis of real-time resource-sharing protocols },
  booktitle={ 22nd {IEEE} International Symposium on Parallel and Distributed Processing },
  pages={ 1--8 },
  publisher={ IEEE },
  year={ 2008 },
  url={ https://doi.org/10.1109/IPDPS.2008.4536574 },
  doi={ 10.1109/IPDPS.2008.4536574 },
  timestamp={ Fri, 24 Mar 2023 00:00:00 +0100 },
  biburl={ https://dblp.org/rec/conf/ipps/OlveczkyPL08.bib },
  bibsource={ dblp computer science bibliography, https://dblp.org }
}"
On the expressiveness of {MTL} in the pointwise and continuous semantics,Deepak D'Souza and,2007,"@article{DBLP:journals/sttt/DSouzaP07,
  author={ Deepak D'Souza and },
  title={ On the expressiveness of {MTL} in the pointwise and continuous semantics },
  journal={ Int. J. Softw. Tools Technol. Transf. },
  volume={ 9 },
  number={ 1 },
  pages={ 1--4 },
  year={ 2007 },
  url={ https://doi.org/10.1007/s10009-005-0214-9 },
  doi={ 10.1007/S10009-005-0214-9 },
  timestamp={ Thu, 02 Apr 2020 01:00:00 +0200 },
  biburl={ https://dblp.org/rec/journals/sttt/DSouzaP07.bib },
  bibsource={ dblp computer science bibliography, https://dblp.org }
}"
Counter-Free Input-Determined Timed Automata,Fabrice Chevalier and,2007,"@inproceedings{DBLP:conf/formats/ChevalierDP07,
  author={ Fabrice Chevalier and },
  editor={ Jean{-}Fran{\c{c}}ois Raskin and },
  title={ Counter-Free Input-Determined Timed Automata },
  booktitle={ Formal Modeling and Analysis of Timed Systems, 5th International Conference },
  series={ Lecture Notes in Computer Science },
  volume={ 4763 },
  pages={ 82--97 },
  publisher={ Springer },
  year={ 2007 },
  url={ https://doi.org/10.1007/978-3-540-75454-1\_8 },
  doi={ 10.1007/978-3-540-75454-1\_8 },
  timestamp={ Tue, 14 May 2019 10:00:38 +0200 },
  biburl={ https://dblp.org/rec/conf/formats/ChevalierDP07.bib },
  bibsource={ dblp computer science bibliography, https://dblp.org }
}"
On the Expressiveness of {MTL} with Past Operators,Pavithra Prabhakar and,2006,"@inproceedings{DBLP:conf/formats/PrabhakarD06,
  author={ Pavithra Prabhakar and },
  editor={ Eugene Asarin and },
  title={ On the Expressiveness of {MTL} with Past Operators },
  booktitle={ Formal Modeling and Analysis of Timed Systems, 4th International Conference },
  series={ Lecture Notes in Computer Science },
  volume={ 4202 },
  pages={ 322--336 },
  publisher={ Springer },
  year={ 2006 },
  url={ https://doi.org/10.1007/11867340\_23 },
  doi={ 10.1007/11867340\_23 },
  timestamp={ Tue, 14 May 2019 10:00:38 +0200 },
  biburl={ https://dblp.org/rec/conf/formats/PrabhakarD06.bib },
  bibsource={ dblp computer science bibliography, https://dblp.org }
}"
On Continuous Timed Automata with Input-Determined Guards,Fabrice Chevalier and,2006,"@inproceedings{DBLP:conf/fsttcs/ChevalierDP06,
  author={ Fabrice Chevalier and },
  editor={ S. Arun{-}Kumar and },
  title={ On Continuous Timed Automata with Input-Determined Guards },
  booktitle={ FSTTCS} 2006: Foundations of Software Technology and Theoretical },
  series={ Lecture Notes in Computer Science },
  volume={ 4337 },
  pages={ 369--380 },
  publisher={ Springer },
  year={ 2006 },
  url={ https://doi.org/10.1007/11944836\_34 },
  doi={ 10.1007/11944836\_34 },
  timestamp={ Tue, 14 May 2019 10:00:51 +0200 },
  biburl={ https://dblp.org/rec/conf/fsttcs/ChevalierDP06.bib },
  bibsource={ dblp computer science bibliography, https://dblp.org }
}"
